{
    "menu-settings": {
        "name": "Client Secondary Menu",
        "version": "1.0.0",
        "location": "Secondary Menu",
        "active": 1,
        "display": "Default",
        "rules": "Existing Client"
    },
    "menu-items": [
        {
            "name": "View Cart",
            "location": null,
            "active": 1,
            "type": "WHMCS Page",
            "settings": {
                "page": "86",
                "translation-method": "whmcs",
                "icon": "lm lm-basket",
                "predefined_icon": "",
                "predefined_illustration": "",
                "media": ""
            },
            "display": {
                "label_type": "default",
                "label_text": "",
                "dropdown": "default",
                "dropdown_graphic": {
                    "icon": "",
                    "predefined_icon": "",
                    "predefined_illustration": "",
                    "media": ""
                },
                "dropdown_description": "",
                "theme-layout": [
                    "All"
                ],
                "client-status": "All",
                "style": {
                    "top": {
                        "layout": "icon-text",
                        "button-style": "primary"
                    },
                    "left": {
                        "layout": "icon-text",
                        "button-style": "primary"
                    }
                },
                "custom-data-classes": "",
                "target": "0"
            },
            "description": "null",
            "translation": {
                "whmcs": "viewcart",
                "custom": {
                    "arabic": "",
                    "azerbaijani": "",
                    "catalan": "",
                    "chinese": "",
                    "croatian": "",
                    "czech": "",
                    "danish": "",
                    "dutch": "",
                    "english": "",
                    "estonian": "",
                    "farsi": "",
                    "french": "",
                    "german": "",
                    "hebrew": "",
                    "hungarian": "",
                    "italian": "",
                    "macedonian": "",
                    "norwegian": "",
                    "portuguese-br": "",
                    "portuguese-pt": "",
                    "romanian": "",
                    "russian": "",
                    "spanish": "",
                    "swedish": "",
                    "turkish": "",
                    "ukranian": ""
                }
            }
        },
        {
            "name": "Notifications",
            "location": null,
            "active": 1,
            "type": "WHMCS Notifications",
            "settings": {
                "translation-method": "whmcs",
                "icon": "lm lm-bell",
                "predefined_icon": "",
                "predefined_illustration": "",
                "media": ""
            },
            "display": {
                "label_type": "default",
                "label_text": "",
                "dropdown": "default",
                "dropdown_graphic": {
                    "icon": "",
                    "predefined_icon": "",
                    "predefined_illustration": "",
                    "media": ""
                },
                "dropdown_description": "",
                "theme-layout": [
                    "All"
                ],
                "client-status": "All",
                "style": {
                    "top": {
                        "layout": "icon",
                        "button-style": "primary"
                    },
                    "left": {
                        "layout": "icon-text",
                        "button-style": "primary"
                    }
                },
                "custom-data-classes": "",
                "target": "0"
            },
            "description": "null",
            "translation": {
                "whmcs": "notifications",
                "custom": {
                    "arabic": "",
                    "azerbaijani": "",
                    "catalan": "",
                    "chinese": "",
                    "croatian": "",
                    "czech": "",
                    "danish": "",
                    "dutch": "",
                    "english": "",
                    "estonian": "",
                    "farsi": "",
                    "french": "",
                    "german": "",
                    "hebrew": "",
                    "hungarian": "",
                    "italian": "",
                    "macedonian": "",
                    "norwegian": "",
                    "portuguese-br": "",
                    "portuguese-pt": "",
                    "romanian": "",
                    "russian": "",
                    "spanish": "",
                    "swedish": "",
                    "turkish": "",
                    "ukranian": ""
                }
            }
        },
        {
            "name": "Language",
            "location": null,
            "active": 0,
            "type": "Language",
            "settings": null,
            "display": {
                "label_type": "default",
                "label_text": "",
                "dropdown": "default",
                "dropdown_graphic": {
                    "icon": "",
                    "predefined_icon": "",
                    "predefined_illustration": "",
                    "media": ""
                },
                "dropdown_description": "",
                "theme-layout": [
                    "All"
                ],
                "client-status": "All",
                "style": {
                    "top": {
                        "layout": "icon-text",
                        "button-style": "primary"
                    },
                    "left": {
                        "layout": "icon-text",
                        "button-style": "primary"
                    }
                },
                "custom-data-classes": "",
                "target": "0"
            },
            "description": "null",
            "translation": "Language"
        },
        {
            "name": "My Account",
            "location": null,
            "active": 1,
            "type": "Client Account",
            "settings": {
                "icon": "lm lm-user",
                "predefined_icon": "",
                "predefined_illustration": "",
                "media": ""
            },
            "display": {
                "label_type": "default",
                "label_text": "",
                "dropdown": "default",
                "dropdown_graphic": {
                    "icon": "",
                    "predefined_icon": "",
                    "predefined_illustration": "",
                    "media": ""
                },
                "dropdown_description": "",
                "theme-layout": [
                    "All"
                ],
                "client-status": "All",
                "style": {
                    "top": {
                        "layout": "icon-text",
                        "button-style": "primary"
                    },
                    "left": {
                        "layout": "icon-text",
                        "button-style": "primary"
                    }
                },
                "custom-data-classes": "",
                "target": "0"
            },
            "description": "null",
            "translation": "My Account",
            "items": [
                {
                    "name": "Client Details",
                    "location": null,
                    "active": 1,
                    "type": "Predefined List",
                    "settings": {
                        "list": "Client Details"
                    },
                    "display": {
                        "label_type": "default",
                        "label_text": "",
                        "client-status": "All",
                        "style": {
                            "layout": "icon-text"
                        },
                        "custom-data-classes": "",
                        "target": "0"
                    },
                    "description": "null",
                    "translation": "Client Details"
                },
                {
                    "name": "-----",
                    "location": null,
                    "active": 1,
                    "type": "Divider",
                    "settings": null,
                    "display": {
                        "label_type": "default",
                        "label_text": "",
                        "client-status": "All",
                        "style": {
                            "layout": "icon-text"
                        },
                        "custom-data-classes": "",
                        "target": "0"
                    },
                    "description": "null",
                    "translation": "-----"
                },
                {
                    "name": "Account Details",
                    "location": null,
                    "active": 1,
                    "type": "WHMCS Page",
                    "settings": {
                        "page": "18",
                        "translation-method": "whmcs",
                        "icon": "ls ls-info-circle",
                        "predefined_icon": "",
                        "predefined_illustration": "",
                        "media": ""
                    },
                    "display": {
                        "label_type": "default",
                        "label_text": "",
                        "client-status": "All",
                        "style": {
                            "layout": "icon-text"
                        },
                        "custom-data-classes": "",
                        "target": "0"
                    },
                    "description": "null",
                    "translation": {
                        "whmcs": "clientareanavdetails",
                        "custom": {
                            "arabic": "",
                            "azerbaijani": "",
                            "catalan": "",
                            "chinese": "",
                            "croatian": "",
                            "czech": "",
                            "danish": "",
                            "dutch": "",
                            "english": "",
                            "estonian": "",
                            "farsi": "",
                            "french": "",
                            "german": "",
                            "hebrew": "",
                            "hungarian": "",
                            "italian": "",
                            "macedonian": "",
                            "norwegian": "",
                            "portuguese-br": "",
                            "portuguese-pt": "",
                            "romanian": "",
                            "russian": "",
                            "spanish": "",
                            "swedish": "",
                            "turkish": "",
                            "ukranian": ""
                        }
                    }
                },
                {
                    "name": "User Management",
                    "location": null,
                    "active": 1,
                    "type": "WHMCS Page",
                    "settings": {
                        "page": "8",
                        "translation-method": "whmcs",
                        "icon": "ls ls-configure",
                        "predefined_icon": "",
                        "predefined_illustration": "",
                        "media": ""
                    },
                    "display": {
                        "label_type": "default",
                        "label_text": "",
                        "client-status": "All",
                        "style": {
                            "layout": "icon-text"
                        },
                        "custom-data-classes": "",
                        "target": "0"
                    },
                    "description": "null",
                    "translation": {
                        "whmcs": "navUserManagement",
                        "custom": {
                            "arabic": "",
                            "azerbaijani": "",
                            "catalan": "",
                            "chinese": "",
                            "croatian": "",
                            "czech": "",
                            "danish": "",
                            "dutch": "",
                            "english": "",
                            "estonian": "",
                            "farsi": "",
                            "french": "",
                            "german": "",
                            "hebrew": "",
                            "hungarian": "",
                            "italian": "",
                            "macedonian": "",
                            "norwegian": "",
                            "portuguese-br": "",
                            "portuguese-pt": "",
                            "romanian": "",
                            "russian": "",
                            "spanish": "",
                            "swedish": "",
                            "turkish": "",
                            "ukranian": ""
                        }
                    }
                },
                {
                    "name": "Payment Methods",
                    "location": null,
                    "active": 1,
                    "type": "WHMCS Page",
                    "settings": {
                        "page": "6",
                        "translation-method": "whmcs",
                        "icon": "ls ls-wallet",
                        "predefined_icon": "",
                        "predefined_illustration": "",
                        "media": ""
                    },
                    "display": {
                        "label_type": "default",
                        "label_text": "",
                        "client-status": "All",
                        "style": {
                            "layout": "icon-text"
                        },
                        "custom-data-classes": "",
                        "target": "0"
                    },
                    "description": "null",
                    "translation": {
                        "whmcs": "paymentMethods.title",
                        "custom": {
                            "arabic": "",
                            "azerbaijani": "",
                            "catalan": "",
                            "chinese": "",
                            "croatian": "",
                            "czech": "",
                            "danish": "",
                            "dutch": "",
                            "english": "",
                            "estonian": "",
                            "farsi": "",
                            "french": "",
                            "german": "",
                            "hebrew": "",
                            "hungarian": "",
                            "italian": "",
                            "macedonian": "",
                            "norwegian": "",
                            "portuguese-br": "",
                            "portuguese-pt": "",
                            "romanian": "",
                            "russian": "",
                            "spanish": "",
                            "swedish": "",
                            "turkish": "",
                            "ukranian": ""
                        }
                    }
                },
                {
                    "name": "Contacts",
                    "location": null,
                    "active": 1,
                    "type": "WHMCS Page",
                    "settings": {
                        "page": "4",
                        "translation-method": "whmcs",
                        "icon": "ls ls-smartphone",
                        "predefined_icon": "",
                        "predefined_illustration": "",
                        "media": ""
                    },
                    "display": {
                        "label_type": "default",
                        "label_text": "",
                        "client-status": "All",
                        "style": {
                            "layout": "icon-text"
                        },
                        "custom-data-classes": "",
                        "target": "0"
                    },
                    "description": "null",
                    "translation": {
                        "whmcs": "navContacts",
                        "custom": {
                            "arabic": "",
                            "azerbaijani": "",
                            "catalan": "",
                            "chinese": "",
                            "croatian": "",
                            "czech": "",
                            "danish": "",
                            "dutch": "",
                            "english": "",
                            "estonian": "",
                            "farsi": "",
                            "french": "",
                            "german": "",
                            "hebrew": "",
                            "hungarian": "",
                            "italian": "",
                            "macedonian": "",
                            "norwegian": "",
                            "portuguese-br": "",
                            "portuguese-pt": "",
                            "romanian": "",
                            "russian": "",
                            "spanish": "",
                            "swedish": "",
                            "turkish": "",
                            "ukranian": ""
                        }
                    }
                },
                {
                    "name": "Account Security",
                    "location": null,
                    "active": 1,
                    "type": "WHMCS Page",
                    "settings": {
                        "page": "32",
                        "translation-method": "whmcs",
                        "icon": "ls ls-shield",
                        "predefined_icon": "",
                        "predefined_illustration": "",
                        "media": ""
                    },
                    "display": {
                        "label_type": "default",
                        "label_text": "",
                        "client-status": "All",
                        "style": {
                            "layout": "icon-text"
                        },
                        "custom-data-classes": "",
                        "target": "0"
                    },
                    "description": "null",
                    "translation": {
                        "whmcs": "navAccountSecurity",
                        "custom": {
                            "arabic": "",
                            "azerbaijani": "",
                            "catalan": "",
                            "chinese": "",
                            "croatian": "",
                            "czech": "",
                            "danish": "",
                            "dutch": "",
                            "english": "",
                            "estonian": "",
                            "farsi": "",
                            "french": "",
                            "german": "",
                            "hebrew": "",
                            "hungarian": "",
                            "italian": "",
                            "macedonian": "",
                            "norwegian": "",
                            "portuguese-br": "",
                            "portuguese-pt": "",
                            "romanian": "",
                            "russian": "",
                            "spanish": "",
                            "swedish": "",
                            "turkish": "",
                            "ukranian": ""
                        }
                    }
                },
                {
                    "name": "Email History",
                    "location": null,
                    "active": 1,
                    "type": "WHMCS Page",
                    "settings": {
                        "page": "27",
                        "translation-method": "whmcs",
                        "icon": "ls ls-envelope",
                        "predefined_icon": "",
                        "predefined_illustration": "",
                        "media": ""
                    },
                    "display": {
                        "label_type": "default",
                        "label_text": "",
                        "client-status": "All",
                        "style": {
                            "layout": "icon-text"
                        },
                        "custom-data-classes": "",
                        "target": "0"
                    },
                    "description": "null",
                    "translation": {
                        "whmcs": "navemailssent",
                        "custom": {
                            "arabic": "",
                            "azerbaijani": "",
                            "catalan": "",
                            "chinese": "",
                            "croatian": "",
                            "czech": "",
                            "danish": "",
                            "dutch": "",
                            "english": "",
                            "estonian": "",
                            "farsi": "",
                            "french": "",
                            "german": "",
                            "hebrew": "",
                            "hungarian": "",
                            "italian": "",
                            "macedonian": "",
                            "norwegian": "",
                            "portuguese-br": "",
                            "portuguese-pt": "",
                            "romanian": "",
                            "russian": "",
                            "spanish": "",
                            "swedish": "",
                            "turkish": "",
                            "ukranian": ""
                        }
                    }
                },
                {
                    "name": "-----",
                    "location": null,
                    "active": 1,
                    "type": "Divider",
                    "settings": null,
                    "display": {
                        "label_type": "default",
                        "label_text": "",
                        "client-status": "All",
                        "style": {
                            "layout": "icon-text"
                        },
                        "custom-data-classes": "",
                        "target": "0"
                    },
                    "description": "null",
                    "translation": "-----"
                },
                {
                    "name": "Your Profile",
                    "location": null,
                    "active": 1,
                    "type": "WHMCS Page",
                    "settings": {
                        "page": "80",
                        "translation-method": "whmcs",
                        "icon": "ls ls-user",
                        "predefined_icon": "",
                        "predefined_illustration": "",
                        "media": ""
                    },
                    "display": {
                        "label_type": "default",
                        "label_text": "",
                        "client-status": "All",
                        "style": {
                            "layout": "icon-text"
                        },
                        "custom-data-classes": "",
                        "target": "0"
                    },
                    "description": "null",
                    "translation": {
                        "whmcs": "yourProfile",
                        "custom": {
                            "arabic": "",
                            "azerbaijani": "",
                            "catalan": "",
                            "chinese": "",
                            "croatian": "",
                            "czech": "",
                            "danish": "",
                            "dutch": "",
                            "english": "",
                            "estonian": "",
                            "farsi": "",
                            "french": "",
                            "german": "",
                            "hebrew": "",
                            "hungarian": "",
                            "italian": "",
                            "macedonian": "",
                            "norwegian": "",
                            "portuguese-br": "",
                            "portuguese-pt": "",
                            "romanian": "",
                            "russian": "",
                            "spanish": "",
                            "swedish": "",
                            "turkish": "",
                            "ukranian": ""
                        }
                    }
                },
                {
                    "name": "Switch Account",
                    "location": null,
                    "active": 1,
                    "type": "WHMCS Page",
                    "settings": {
                        "page": "82",
                        "translation-method": "whmcs",
                        "icon": "fas fa-random",
                        "predefined_icon": "",
                        "predefined_illustration": "",
                        "media": ""
                    },
                    "display": {
                        "label_type": "default",
                        "label_text": "",
                        "client-status": "All",
                        "style": {
                            "layout": "icon-text"
                        },
                        "custom-data-classes": "",
                        "target": "0"
                    },
                    "description": "null",
                    "translation": {
                        "whmcs": "navSwitchAccount",
                        "custom": {
                            "arabic": "",
                            "azerbaijani": "",
                            "catalan": "",
                            "chinese": "",
                            "croatian": "",
                            "czech": "",
                            "danish": "",
                            "dutch": "",
                            "english": "",
                            "estonian": "",
                            "farsi": "",
                            "french": "",
                            "german": "",
                            "hebrew": "",
                            "hungarian": "",
                            "italian": "",
                            "macedonian": "",
                            "norwegian": "",
                            "portuguese-br": "",
                            "portuguese-pt": "",
                            "romanian": "",
                            "russian": "",
                            "spanish": "",
                            "swedish": "",
                            "turkish": "",
                            "ukranian": ""
                        }
                    }
                },
                {
                    "name": "Change Password",
                    "location": null,
                    "active": 1,
                    "type": "WHMCS Page",
                    "settings": {
                        "page": "79",
                        "translation-method": "whmcs",
                        "icon": "ls ls-padlock",
                        "predefined_icon": "",
                        "predefined_illustration": "",
                        "media": ""
                    },
                    "display": {
                        "label_type": "default",
                        "label_text": "",
                        "client-status": "All",
                        "style": {
                            "layout": "icon-text"
                        },
                        "custom-data-classes": "",
                        "target": "0"
                    },
                    "description": "null",
                    "translation": {
                        "whmcs": "clientareanavchangepw",
                        "custom": {
                            "arabic": "",
                            "azerbaijani": "",
                            "catalan": "",
                            "chinese": "",
                            "croatian": "",
                            "czech": "",
                            "danish": "",
                            "dutch": "",
                            "english": "",
                            "estonian": "",
                            "farsi": "",
                            "french": "",
                            "german": "",
                            "hebrew": "",
                            "hungarian": "",
                            "italian": "",
                            "macedonian": "",
                            "norwegian": "",
                            "portuguese-br": "",
                            "portuguese-pt": "",
                            "romanian": "",
                            "russian": "",
                            "spanish": "",
                            "swedish": "",
                            "turkish": "",
                            "ukranian": ""
                        }
                    }
                },
                {
                    "name": "Security Settings",
                    "location": null,
                    "active": 1,
                    "type": "WHMCS Page",
                    "settings": {
                        "page": "81",
                        "translation-method": "whmcs",
                        "icon": "ls ls-security-code",
                        "predefined_icon": "",
                        "predefined_illustration": "",
                        "media": ""
                    },
                    "display": {
                        "label_type": "default",
                        "label_text": "",
                        "client-status": "All",
                        "style": {
                            "layout": "icon-text"
                        },
                        "custom-data-classes": "",
                        "target": "0"
                    },
                    "description": "null",
                    "translation": {
                        "whmcs": "clientareanavsecurity",
                        "custom": {
                            "arabic": "",
                            "azerbaijani": "",
                            "catalan": "",
                            "chinese": "",
                            "croatian": "",
                            "czech": "",
                            "danish": "",
                            "dutch": "",
                            "english": "",
                            "estonian": "",
                            "farsi": "",
                            "french": "",
                            "german": "",
                            "hebrew": "",
                            "hungarian": "",
                            "italian": "",
                            "macedonian": "",
                            "norwegian": "",
                            "portuguese-br": "",
                            "portuguese-pt": "",
                            "romanian": "",
                            "russian": "",
                            "spanish": "",
                            "swedish": "",
                            "turkish": "",
                            "ukranian": ""
                        }
                    }
                },
                {
                    "name": "-----",
                    "location": null,
                    "active": 1,
                    "type": "Divider",
                    "settings": null,
                    "display": {
                        "label_type": "default",
                        "label_text": "",
                        "client-status": "All",
                        "style": {
                            "layout": "icon-text"
                        },
                        "custom-data-classes": "",
                        "target": "0"
                    },
                    "description": "null",
                    "translation": "-----"
                },
                {
                    "name": "Logout",
                    "location": null,
                    "active": 1,
                    "type": "Custom Link",
                    "settings": {
                        "link": "logout.php",
                        "translation-method": "whmcs",
                        "icon": "ls ls-arrow-left-wall",
                        "predefined_icon": "",
                        "predefined_illustration": "",
                        "media": ""
                    },
                    "display": {
                        "label_type": "default",
                        "label_text": "",
                        "client-status": "All",
                        "style": {
                            "layout": "icon-text"
                        },
                        "custom-data-classes": "",
                        "target": "0"
                    },
                    "description": "null",
                    "translation": {
                        "whmcs": "clientareanavlogout",
                        "custom": {
                            "arabic": "",
                            "azerbaijani": "",
                            "catalan": "",
                            "chinese": "",
                            "croatian": "",
                            "czech": "",
                            "danish": "",
                            "dutch": "",
                            "english": "",
                            "estonian": "",
                            "farsi": "",
                            "french": "",
                            "german": "",
                            "hebrew": "",
                            "hungarian": "",
                            "italian": "",
                            "macedonian": "",
                            "norwegian": "",
                            "portuguese-br": "",
                            "portuguese-pt": "",
                            "romanian": "",
                            "russian": "",
                            "spanish": "",
                            "swedish": "",
                            "turkish": "",
                            "ukranian": ""
                        }
                    }
                }
            ]
        }
    ]
}